id,drug,time,delta,theta,alpha,ratio
Patient ID 1 - U1 (UWS),Session 1,1,1.3459743591763143,1.2446960408836165,0.654700043083853,-0.9284997079558706
Patient ID 1 - U1 (UWS),Session 3,1,-0.006041454229151193,0.640699314135356,1.2010213933480194,1.5632968711741402
Patient ID 1 - U1 (UWS),Session 2,2,0.13334121909150304,-0.5801522787581183,-0.4767152641271256,-0.8136381737861524
Patient ID 1 - U1 (UWS),Session 3,2,-1.473274124038666,-1.3052430762608542,-1.3790061723047469,0.17884101056788285
